"sample_id","Sp1","Sp2","Sp3","Sp4","Sp5","Sp6","Sp7","Sp8","Sp9","Sp10","Sp11","Sp12","Sp13","Sp14","Sp15","Sp16","Sp17","Sp18","Sp19","Sp20","Sp21","Sp22","Sp23","Sp24","Sp25","Sp26","Sp27","Sp28","Sp29","Sp30","Sp31","Sp32","Sp33","Sp34","Sp35","Sp36","Sp37","Sp38","Sp39"
"MMRF_1024_2_BM",-0.687105423049053,0.463383688806648,-0.294074248507538,-1.48966682575754,-0.731977134489187,0.726597244052881,-0.717141569349071,0.0832556469509901,-0.273873374295381,0.405442407507248,-0.132875388116139,-1.28431300211385,0.239013668248312,-0.30529769705911,-1.00062024950972,0.726267963160338,-1.17594371298353,-0.172754836010565,1.09259284071724,0.468910720844659,-0.00172731610894698,0.968581215360177,-1.2418810154908,-2.01827050222103,-0.486719063895847,-0.936819462210005,0.553261039110923,1.98609748125273,1.62780414882291,-0.407927751358785,1.78108478815056,1.79437366311745,-0.827482342174491,-1.07796313135385,-0.617367543687552,-0.786066492581889,0.236735683768751,-0.434746477872126,-0.866372075497429
"MMRF_1024_3_BM",-0.782342405011337,0.379227210855713,0.00144805073093133,-2.14083788447702,-1.82834606973709,0.866170739734465,-0.361416068623752,-0.159702377387393,0.661485877622547,0.258061902316623,0.167987247694563,-1.46075427454211,0.190905729314739,-0.963201106679825,-0.730377424025498,0.53022108227123,-0.822797588078238,-0.0896809365016739,1.15767414340122,1.18180296796477,0.13858823414913,1.22204853417766,-0.932022514145464,-1.59683730539824,0.622787332942173,-1.0290713164515,0.610177953202437,2.1037404589218,1.69021804052669,-0.948634348929281,1.19056540752727,2.99880140142303,-0.224673255500873,-0.564987787855537,-0.309662811276528,-0.539201951218266,-0.0740290927120582,-0.590108180755848,-1.28399593525044
"MMRF_1030_3_BM",-0.898183531296546,0.357174649422764,-1.32624332846914,-0.22770796053176,-0.994027257981994,-0.487585240185401,0.228025052878796,-0.0738323209366096,0.599873118763532,-0.49686502099286,0.360960976519963,0.225332947809243,-0.364072717686305,1.23775562169107,-0.85615061832436,-0.144111271021469,-0.260601144719836,0.581407762538004,0.447857091501924,1.71058248814405,-1.08010451678585,-0.179285528763724,-0.878130097210453,-0.790354385956317,0.709551765962244,1.85606211659622,-0.127243280509142,-0.281763883815207,-0.927898381048612,0.220823852043865,-0.843957510530242,-0.889115383466476,0.566484763561391,0.140976145835533,-0.750272013590778,1.67937741089587,-0.286737551019478,-0.654644288889206,0.0200690030548582
"MMRF_1030_4_BM",-1.30845954883599,-0.200957354782986,-1.20966626087758,0.687246207801133,-1.83949901883671,-1.27010348362811,-1.04699691868813,-0.358414493296764,-0.871322584475465,-0.446342843125288,-0.0533403033019659,-0.955666152238192,0.300092253206417,1.17392536480514,-1.3645951997783,-1.16991939675214,-0.193495502378962,0.254428058213559,0.34532090636074,1.44331868441911,-0.642901041213097,-1.42391170602278,-0.770864738008862,-1.86853520561517,0.529602252502136,0.0372112136760188,-0.0309601864825543,-0.235583103591222,-1.26459304056615,-0.175450409061324,-1.14202177473425,-0.565045914279992,0.378882766706327,-0.69895640959877,-1.34958011872931,2.01547088270257,-0.889262225310418,-0.791320690051441,-0.322120922347071
"MMRF_1049_2_BM",-0.90920173629202,1.60240837036656,1.26165970573384,0.516600226667948,0.259741435243442,-0.390513887532779,-0.109116521373555,-0.261386572410517,-0.0751651029331577,-0.97466970134856,-0.242998391330589,0.243374235587486,-1.09122998629637,0.828033550910251,0.307524883507261,-0.809936906534493,0.416484744441711,1.08311435695534,-0.482209066149805,0.953291673532815,-0.876915569575756,-1.81865741047258,2.5292653291504,-0.540888701144428,-0.776653819327153,-2.24855214436143,-0.392521417514117,0.418977410502753,-0.641933835792089,1.10449531628287,1.16617570444663,-0.626844251626902,-0.160994335183143,-0.796414385330663,0.502007327043933,0.593959812569363,0.205028606840785,0.564417203228223,-0.283954197615028
"MMRF_1049_4_BM",-1.72949121317186,0.998684125010338,-0.244377849339679,0.428916010385831,-0.020923906255717,-0.286039841574057,0.691302666494163,0.0658239245053239,0.417454819576258,-0.346565671970752,-0.389067522637273,0.629143572226748,-1.0019163808929,0.768161341649755,0.0319019224760399,-0.372666558709348,0.674130493437315,1.4290619865858,-0.502439901024877,0.139557334088789,-0.962305336097872,-1.57148671471602,2.20275389531948,0.162879448260055,0.272848750079142,-1.99295584668289,0.0460944035546925,-0.156465389440003,-0.166501899656977,0.909443536759462,0.878132518134302,-0.762916496205727,0.171640731056806,-0.190752671706473,0.555910438535401,0.41827465049371,0.657169436936843,0.172275485422226,0.195251823042809
"MMRF_1061_3_BM",1.53018772372665,-0.362634298283341,-0.546976687108942,0.492920742678471,0.0199326838644724,-0.478427179259292,-0.125161108717123,-1.89810700788393,-0.121433764636801,-0.760052987105522,0.375179111870045,0.0844680449821805,0.465545374489315,1.90889117465553,0.108190300456085,-0.583672853717709,-0.870196743972723,0.0530192554463762,-0.547917654185719,-0.295310320372013,-0.15693206409301,-1.76149671893399,-2.07112393914651,-1.61423751524053,-0.886017055064467,-1.15581776503423,0.853548964514969,-0.142250849471658,-0.488988383434021,0.0458106290065601,0.147682878227864,0.302644834740921,-0.99052130373844,-0.772377992255449,-1.48353092947128,-0.846653483218082,-0.186511153257577,0.0460825238478029,-0.566895848270578
"MMRF_1072_2_BM",-0.279098054859405,-0.872583410764719,-0.399843831667361,-2.18631388485139,1.12732122895756,-1.67225035615219,-1.37349030945457,-1.68571102451369,-0.652801990183714,-0.588228172607405,0.6118397984232,-0.906914579727932,-1.09546456616058,-0.766552466378274,0.733900686836393,-1.85617741506765,-0.206332632975941,0.177786620527451,0.553351507163523,-1.04762838360213,-1.05387630531655,-1.78030801593905,-0.82826630072977,-1.33512573676079,-2.00284242917609,-2.09167046018811,0.23727564297398,-0.168472964315632,0.756883630726248,0.260875076499376,1.05307162004646,-0.816342477863023,0.504665322187318,-0.875167883890827,-1.48250675661167,-0.697291595905007,0.711320822017816,0.00109079532539117,-1.18952163688168
"MMRF_1079_2_BM",-0.859151398877302,-0.400162068901616,0.111269735392108,-1.23113723615986,-1.34134739235568,-0.128779085867804,-0.775725645890637,-1.2506713113887,-0.377973051126717,-1.00013201785888,-0.27748277842937,-0.133629771802693,0.952304422250512,1.62576707774873,-0.116772438097828,0.851782545430342,-1.60292781943748,-0.138569429322948,0.653437016908039,0.16024406160645,-0.0624962272582879,0.641335753177519,0.365161158269554,0.650536444321344,-0.493815047852894,-0.215820052972336,-1.15883726711219,1.35959210224734,0.410965879782877,0.123603749998246,0.727082182678371,0.14960225867064,-1.4778054762424,0.108198508092445,-0.48905600359492,0.00513443493670537,1.2883724000866,0.544368610422658,-0.25974903806724
"MMRF_1085_3_BM",-0.552125616901765,0.688683272089042,-0.467261739478623,1.76928419005701,-0.142557304113843,-0.178124696234631,0.48365844301081,0.294913097752902,-0.835726383815435,0.517186182026599,0.732761884458802,0.0849155465712861,-0.732006846556341,-0.188792428439387,-0.542248906366628,-1.27342640597998,0.063360770361195,-0.972645450660295,-0.646637244988806,1.72404915059144,1.01017115642363,-0.188348307094196,-0.264927471034362,0.661496380021734,0.262719361692569,-0.951919818865044,1.00673039518858,0.217812462388381,-0.182885195983966,0.239678077459595,-0.970678741091465,-1.83403854641467,-0.377108657090026,0.353643101034331,-1.15422501221963,0.30175650596329,0.620472794134213,-2.05397423069992,1.30959698303732
"MMRF_1110_2_BM",-1.01040122512961,-0.450009696187661,-2.0041524883431,0.547169519697826,-1.23233589294985,-1.63507997458164,-1.48708122590952,0.589311038511099,1.79160586570283,-0.118697432501311,-0.177427934236789,1.027252474393,-0.710509022681765,0.165197194562082,1.34354354523082,1.11240025551001,-0.178437401320611,1.24871123529509,1.19452944076055,-1.5013344882249,-0.271056465057507,-1.36476360859996,-0.911572113104498,-0.120539142114911,-0.611767212761484,0.1574121895575,0.593366663847526,-0.508955762871978,-0.12224530464496,0.958272031035334,0.93410547059036,0.883987887944678,-0.967521678366774,-0.625848310470895,-0.165768362420442,1.07879073580035,0.626465566884629,-0.603879300182271,-0.486736658025461
"MMRF_1110_3_BM",-0.458502921123942,-0.18985144871776,-1.40244427398155,0.00892651469565007,-1.27566167140572,-1.57959819891919,-1.60276359244334,0.536841814985013,1.49906508605455,0.0533647906878185,-0.341745372194805,0.353107515558557,0.244784645546149,0.102915034970276,0.808327706618758,1.03535178512161,-0.715179354173916,1.57953107102071,0.993337988237294,-1.82717690609077,0.225172897024829,-1.70220133618083,0.0376978777486058,-0.994728532456557,-1.46519114587823,-0.668316960849435,0.151970523225596,-0.748965098087736,-0.54240929465088,0.922322782895979,1.30230417405275,0.693293337600513,-0.79914919352449,-0.762800588261974,-0.196830211348288,0.466146525531589,0.401801545602426,-0.676168445764372,-1.83251597595473
"MMRF_1112_3_BM",-0.552161502422443,0.681921805356229,-0.874776727809251,0.200484550527157,0.481929068985,-1.40617574083248,-0.483488185217905,0.215435488384777,-0.618446577992016,-0.726040024361658,0.426994858038147,1.32297201181025,0.441934832039298,-0.364241399917624,-1.31167145289239,-1.60823179302933,-0.0368902072089116,0.341512850607811,1.03753645887884,0.25444331762843,-0.19500542188734,-1.07410616025099,0.0893839980915407,-1.18926422250175,-0.54252012805743,-0.734141827358612,-0.40612275390162,-0.744290086418027,0.575489251443548,-0.00201389942785021,-0.230253338151729,0.0475056324620268,-0.914330695647607,0.0705747129947022,-1.46439745395467,0.428389483192294,0.532786034383905,0.405737682265467,0.10931379844542
"MMRF_1131_2_BM",-0.244146991646609,-2.04204204170306,0.851914126576241,-0.319769621259919,0.83174203230862,1.02235532062227,0.622897041442127,0.540028671200878,0.040132228680827,0.705691532752498,1.37787116716572,0.335874423025496,0.967363465856465,-1.116260614836,-0.476638841764742,0.0841480814292038,0.593472772105289,0.663973481397803,0.353632611369189,0.19553873736378,-0.484608932383622,-0.185181411785584,0.696126109390369,-0.395231612927329,-1.48989838039644,-0.866037689133613,-0.235507939652056,-0.0589881648294454,-1.44832060314958,-0.360674940553188,-1.00134763144748,0.402876487513445,0.508748021498077,0.516964293967682,-1.1950813412783,-0.0634309453079292,1.00820479943781,-0.732017381410361,-0.449118088292115
"MMRF_1137_3_BM",1.42068924357449,-0.790392986762426,-0.729862769578536,-0.293610313205867,-0.0169997122546615,0.259090007929589,-0.782406575419407,-0.985943612391722,-1.62932529801262,-0.331119828026072,-0.513530984542463,-0.301836816838773,-0.672447726319842,0.785828100634956,-0.533901885031597,-0.382492424809842,-0.612146379374231,0.167927400646689,1.30059916822618,0.0619517451582176,-1.4022013590657,-2.40040827562601,0.460932206245163,0.557513997061571,-1.22256841529137,-0.307391130797163,-1.67496191493978,0.10584298800443,1.32157973773399,-0.158268865889518,-0.0993091276319475,-0.324524503195212,-0.0963314298303863,0.2996483097074,-0.274038642778995,-0.270618421154474,0.460910116182211,0.519681810173512,0.297689551565332
"MMRF_1137_4_BM",0.410709820703634,-0.977290496283339,-1.64578458431222,1.90821385180914,-1.34914131636045,0.152286391413207,-0.401736398132515,0.372707080351491,-1.30096890362251,0.599624868625579,-0.0529232949051419,-1.26446271647133,-1.20304104719173,-0.16298289246764,-0.576685971812665,0.445785877925051,1.11784900122145,0.843832985905161,0.800297564050933,0.211392676520283,-0.798595379380037,-1.26816561638904,0.189099774522911,1.25470506193157,0.678271398239654,0.898175844254306,-2.48965479611825,2.02052777068957,0.542257703406297,0.522906764263511,-0.0801312337733182,0.256171735436919,-1.04252088242138,-0.555681885182758,-1.19206174238895,-0.717023090520352,0.00433807588254582,-0.870470941945849,0.476760775572693
"MMRF_1157_2_BM",0.303264237944977,-0.717707856370962,-2.21508553068471,0.996137095129747,-0.617568974405613,-1.25158516788507,0.34744279133245,-1.27091179997755,1.70994759219163,-1.7171837355545,-0.546606636429604,0.0250408664628969,-0.285831303670679,-0.741464817801715,0.193672097184719,-0.0031403733227072,0.866569612654733,0.0043398124217583,0.477090611692181,-0.580183063383847,0.473819479629493,-0.421812380559412,-0.376127942155504,0.410093179996109,1.45807321288185,-0.621824361213469,0.490342387206538,-0.96676471412676,0.635782985645493,0.592219383527786,-0.751765146694974,0.439573263918942,0.0846568328100512,0.620223173720644,-0.713038260726503,0.295106606813417,0.881288790552772,0.32664870423305,-1.14634937964252
"MMRF_1157_3_BM",0.255747011458437,-0.812810550867838,-2.29157439853657,0.926617434232738,-0.176043237772367,-0.388262523446041,-0.337320917551146,-1.36459946018782,1.11472718539085,-0.866991159465499,-0.906907898592507,0.40329057214547,-0.677992896235382,-0.87189986421266,0.176327209134472,-0.0565693792463426,1.23664941794306,-0.356462914841135,-0.106512208863387,-0.124722497214883,0.337220553848727,0.211828195248262,-0.267814630493271,-0.172756943356377,1.52541555811962,-1.29758164900683,0.818590418605949,-0.547877156777831,0.440675342688948,0.978721789620688,0.164464711431927,0.30881250299858,-0.181727530096827,0.285798388201724,-0.511937480964063,0.484156955396931,0.315424257991486,0.600021869281331,-1.2397282955555
"MMRF_1157_4_BM",0.768502139764676,-0.574621274402914,-2.14184995162013,1.10796711052594,-0.0814363348029977,-0.27319595957521,-1.35437474061176,-1.93316754761493,0.819795906896915,-1.05352010870184,-1.10487058142954,-0.119090575828357,-0.370067097684261,-1.59952575803781,1.2523777099822,-0.233789964950791,1.305846634242,-0.666372224337237,-1.14267155787348,0.734580872543995,0.576667188157472,0.341937261118938,0.441599776628044,0.0225592522260753,1.31668248430396,-1.43502297853584,0.794339758299754,-0.57430927800983,0.0683535337893641,0.975930870068345,0.292981644411195,0.589923540605658,-0.422482910501605,0.205624723862896,-0.208333058413788,0.649807714338714,-0.433783319142015,0.407125893656432,-1.92892696721518
"MMRF_1157_5_BM",0.402104666974574,-0.816419710470676,-2.11198380040694,-0.0415515875992868,-0.182528253142213,-0.929433914532459,-0.369716294347258,-0.936490753325696,1.11378414726179,-0.47904242627363,-0.0979400467345919,0.3895331419314,-0.122921829964655,-0.746528053238253,0.0398738463454752,-0.23425279649691,1.5335836666365,0.0676200491210083,0.52083858587852,-0.0312019224887041,0.344050422275561,-0.685074992573566,-0.51906297011229,-0.581882433450301,0.595602943598518,-1.454452062738,-0.176834995720722,-0.868929866390787,0.361208975044565,0.908409174431037,0.476717479473816,0.830791129979064,-1.05787658877816,-0.0944191728378932,-0.870530188137778,0.174718248885935,-0.604378255216144,0.516675221728862,-1.42552024981003
"MMRF_1179_2_BM",-0.304976611213595,-0.892014113102596,-0.371968992175175,-0.466244303045074,0.960629712803361,-0.59081699897491,0.338668098768861,1.18754962546423,-1.11082937092498,-0.776132826107557,0.0915461384899093,1.38062769615027,0.860758345488679,-0.319757329605327,0.519692080028091,0.198422344328122,-0.14511467738212,-1.03512886382478,0.340331655763707,-0.209690860792727,-1.16653790836099,0.764180487839989,-0.000144833499204042,1.11340646454039,-0.339904533211403,0.0844701843512318,-0.0394320012370733,-0.824099849077819,-0.0459024231495682,0.611694812537465,1.32002390385378,-0.854717189739593,-0.604789753946372,-1.28075894489962,-0.587739072641427,-1.19896808031674,-1.62236707136647,-0.787327756535143,-0.73479285182409
"MMRF_1193_3_BM",0.247038647400749,-1.11100582603367,-0.229966624752078,-1.55084366138306,-1.84161601535983,-0.486131653669253,0.962761115207201,-0.576591028561239,-0.986130594127943,-0.823331341700202,-1.72773011803817,0.197778052347428,-0.438542002545909,-2.57089602382402,0.317583447108832,-2.22518040323889,0.930570934633708,-0.757240058714327,0.782611382501036,0.938206948097293,0.105887731348433,0.334625957827523,-0.59280066408305,-0.889939127887845,-1.02489228978348,0.554063964525719,1.45077852516102,-1.40999128586403,0.655274257232883,0.394367136433011,1.05283485757471,-0.236889741914321,-1.39415333492401,-0.901036041817856,1.14682057661029,0.309812467300799,-1.32847860908816,0.675400545642389,-0.195517237599439
"MMRF_1193_5_BM",-0.591204345291465,-1.03401500832115,0.124677371238114,-0.673126781787544,-1.03803845827856,-0.551301958801372,-0.074269561675179,-0.861426517213914,-2.11080920233315,0.817581772986055,-1.4694173119321,1.03461087389957,-0.532617826117493,-2.22731607580958,-0.577560978826047,1.09469676125273,0.13650981264437,-0.909825131138849,0.794516707720465,1.3710472200129,-1.68262127073714,0.520923770454214,-1.02994477554143,-0.318991207366937,1.18532633361389,-0.0488004897733771,0.735202902447523,-0.123323780106192,0.246165897110405,0.105996520003655,1.16988823396869,0.0106736443510567,-0.358498452741611,-1.51116460326637,-0.362282539195027,-0.224018181661589,-0.659584595120728,-0.195131215147245,-0.213122956511774
"MMRF_1201_4_BM",-1.56102625513032,-1.51039327758838,-2.43645818531047,-0.362503864546424,-0.443241862467003,-0.307126286531549,0.352684643706817,-0.847844727107485,0.107668578376847,-0.782129769080904,-0.726317957475828,-0.451144427126774,-1.23069815486817,-0.79233746076607,0.146850703365459,2.05010225075526,1.33811273103963,0.142827821886594,-0.712482914126678,-0.283032364189774,0.139065478189926,-0.714608635451493,1.49990630194634,-0.772524964887344,0.202305949329316,0.415922020401349,0.786491425796221,-1.21912083683423,1.22399670547172,2.26761482280911,-0.585248209130915,0.472899279428655,-0.793286143792157,-0.463858704299902,-0.13751449692543,-0.610489120422645,0.133648581493738,-1.75172668923076,-0.737384284896406
"MMRF_1205_2_BM",-0.625365198766401,0.653795023149687,-0.345259061227072,0.0265257070740561,0.446235869635969,-0.801798086487454,1.36562788877511,0.823748607992009,-0.63181379735399,-0.320359705292626,-0.420741271639495,-0.114909126572591,0.118364043600952,0.460454872545992,-1.24767985140455,-0.917483085876048,0.550240356586442,0.130786947872689,0.496463310602667,-0.778708070237769,-0.289280176275672,-0.554623032874402,0.298284403668694,-1.25547115806975,-1.1269771919677,-0.240414496006326,0.0294987317334337,-0.947839689930314,0.932844866365268,0.16138036916268,1.42743616024888,0.373132638420168,-1.25582807917382,-0.145831176521002,-0.867445756552079,0.49050132311233,1.62915581864459,-0.704680862519048,-0.859585056397586
"MMRF_1219_2_BM",0.724048170112633,0.424225073066128,-1.29685039980532,-0.948451799737434,-0.356196247000418,-1.21143005360498,1.6543978220268,0.771266669305767,-0.285619803663247,-1.70685887120536,0.546494698856224,0.00830897261249101,-0.232916607352907,0.242009087129303,-1.63887183901314,-0.699077484316515,-0.757375009844275,-0.823410296994686,-0.215198603065098,-1.29275973339462,1.13987581155419,-0.158536408727944,-0.541747811370412,-1.34128865616443,-1.24856225363752,0.236637850918364,-0.0941199881016557,-0.294422191783485,0.225497427811831,-0.68798718092516,-1.58226710651355,0.943572544876129,-0.073888830607164,1.3732074237074,-0.645137786560638,0.584656933078826,0.0317286249638257,-0.471707762573249,-1.11578446086617
"MMRF_1223_2_BM",-0.343516731335752,-0.439348972637471,-0.839930770698194,0.140384839840453,0.453590439933172,-0.504917115327522,-0.148739072663121,-1.28703683309395,0.0528224819141958,0.99864334346576,0.457642622647495,0.898385079539959,-0.793197892510273,-0.0588853863363609,1.18666031353576,-0.145192265254193,-1.06553334831662,0.529156738921301,0.104151839340277,-0.0463951707147781,-0.0988719423779916,0.376318737489365,-0.39194548568139,-0.190899083414108,-0.5460238325279,0.038162685038098,-0.132888820933775,-0.341691358328417,1.91351935289509,0.0150112078426479,-0.156503404527191,-0.976106148104643,-1.02226122646357,-0.0564653526899083,-1.17414065035558,1.75009665996641,1.12530945514768,-0.157286894985103,0.375964911096916
"MMRF_1224_3_BM",-1.35643934380668,-0.264827616735521,1.56132865558033,-0.771359950233097,-0.666745351028816,0.699782737506879,-4.33621247690151,-1.761541545382,0.130833570476185,-0.631787685855809,2.01115135044999,-0.971471016229417,-1.16877938294708,-0.0788690779770722,-0.966673765035183,0.9151301152093,0.479944224298464,1.23261082841039,-1.71153885259118,1.51762176355051,0.0460542302522697,-1.24444100301454,0.380080159412301,-0.632793059173154,0.659820623126229,-0.987322164628869,0.789022150401547,-2.45508558299106,-1.05682472567398,1.86236727848851,0.127037661661336,-1.30937894428204,2.05722651447431,0.648594926169292,-0.550788646983956,0.269750788733978,-0.0280336099779732,1.16006294749232,0.918880369723144
"MMRF_1229_2_BM",-1.3440642582503,0.0217354687459502,-0.154111067594733,-0.289594347652967,1.20776220592559,0.397023821666946,0.364185392119808,-0.305216541257804,0.501584917387044,1.38189731697273,-1.51374038700613,-0.326733248615736,0.502392640843926,-0.267156202213281,-0.982524111404956,-0.0050398946650065,-0.240228996123502,0.0706563087767202,0.681998448350496,2.28676157875945,0.771366631468244,-0.617964569107567,-0.293864589978356,0.389039625020932,0.257587144668009,-0.184631971061587,0.623217162360378,-0.484118347842227,-0.0672294156726348,0.748220281473607,-0.709770929896689,0.144417603506341,-0.380448026417331,0.218429222132309,-1.86922830962831,-0.3665160359169,0.826911135118804,-0.957961431926061,-0.838893733152455
"MMRF_1229_3_BM",-1.36531473948762,-0.0149641567513572,0.117187742067483,-0.411665030944545,1.92157373964437,0.457816732334012,-0.184438769980834,-0.497237009126588,-0.24617836295815,1.16132234139629,-1.61630374559147,-0.951219664361441,0.924299830504885,-0.951066137936769,-0.906178646517198,-0.118434510531201,-0.345609249192673,-0.0242160536186963,1.25562921111792,1.95970363382656,0.203943931738531,-0.64383583895849,-0.210336503988824,0.468734163022373,0.192771550379549,0.146552619593441,0.878990200732735,-0.834185896911829,0.48274244063505,0.121752211087381,-0.317477492980032,0.00279050331807038,-0.169408712223862,0.421235326422033,-0.812232995606292,-0.277288854018579,0.37848443494154,-1.40283684766546,-0.587833519459394
"MMRF_1232_4_BM",-0.966449737303393,-1.06608840685574,1.67841140145823,2.15831757768968,-1.02294996907932,0.142565951625598,0.953837675334708,0.410963438464282,-1.22438621445486,-0.508147229534886,1.01177882709996,-0.0692184267830341,-0.806869897059022,1.89951921220399,-0.494177111633876,1.15773841001376,-0.834818873950384,0.960504413405747,-0.990933126372382,-0.460462241908667,0.615922706515792,0.411379727529864,-0.23061468845947,-0.209317328164781,0.227331572256913,1.4188683502577,-0.369132247059539,-0.968393202260741,-0.526067232252485,0.821558473430497,-2.24485749779529,-0.124452665033776,-0.799580983868644,0.555166926809616,0.657690278332035,0.32151328953124,0.741232088949514,-0.962212197988857,0.566975708658862
"MMRF_1235_2_BM",0.613333667355221,-0.767538708985766,-0.412613151875501,-0.9786828629626,0.374041799047847,-1.47189408062876,-0.890461966968431,-1.99766017061081,-1.20821514730849,0.0108851561762776,-0.244757686230851,-1.10341275839849,-0.651347047221062,0.697085530011943,0.204115574111663,-2.16239227659997,-1.23826545829051,0.791514852192455,2.30696916927648,-0.652795806431777,-1.69387760911756,-1.7793492184144,-0.743938470651968,-1.05070799675654,-2.42891088074917,-1.95732731732469,1.06927961369412,-0.580255934557811,1.23036409050242,-0.710386072981856,0.243769977870807,-0.814692866523765,0.828918041484686,0.517943777903552,-1.14684859353558,-1.11420594082945,0.789030407932467,0.479381679354868,0.81891976026879
"MMRF_1242_5_BM",-0.769820316251682,-1.55263952212481,1.81578388414373,1.49068536030096,-1.528543607235,-2.12840208872134,0.27132535760708,-0.626333439989702,-0.858308411674715,0.42157196492073,-0.0537459560313735,0.407107946463762,1.49920252697947,-1.50603819228504,-0.218082768927686,0.778224871113728,0.169100056826339,-0.272703471327348,-0.513855900548267,1.2399943981231,-0.900878951357599,-1.96418039801505,0.572176217372633,1.29035922129696,-1.07845468119874,0.912296289074871,0.483312490811715,-1.5733885369683,-1.43247083127634,-0.0832426312139279,-1.61462021504578,1.74196057890337,-2.85431539465879,-0.71030066183942,-0.804063098629685,-0.762038281460332,-1.24622321617218,0.184506874173406,0.905053446930501
"MMRF_1256_2_BM",0.167531977492286,1.67768724868369,-0.255676256389729,-0.755922686303668,0.00896233379388943,-0.178491712603865,0.549783648461767,-0.338656117864049,0.114834644127519,-0.628171742696904,1.1791589779213,0.884356403424246,0.488160855086266,-1.08726700549216,-0.638937401426418,0.560256019970188,1.16002773348727,-0.70861831471397,0.166036820044958,-0.0117302648742413,0.846394068954419,0.563985211757992,-0.488591055902425,-0.440965515483585,-1.21863985419916,-0.74434118925112,1.01921198781787,-0.117356992346838,1.53643033854254,-0.289452475068681,0.929370224473194,-1.05674752626891,-0.00227513199538465,-0.110929539871811,0.300201341205139,-1.20378264404159,0.493361789136196,0.529481676865998,-0.579322412459221
"MMRF_1269_3_BM",-0.97937713626827,-1.86035451655506,0.22936141539123,2.1822828363932,-1.54186846332821,-2.11718787784892,0.942778920697476,-1.06899594248574,-1.09436780378864,-1.01011098141545,-0.0410708458864868,-1.27626382441827,1.73672904409183,1.26927785341378,-0.486811662237074,0.0522724746340112,-1.11926348629464,-0.307271919155293,-0.837324646490475,1.40525325163905,-1.77644714716572,1.40094945671193,-0.627850744474358,0.793879851630567,-0.94689040933837,-2.14204701434648,-0.0448909029642024,1.35985444169724,0.768093683546705,-0.4056039103932,0.942947220827263,1.06092264695947,0.00936116138294899,-2.41011592459162,-0.19536314776735,-0.0353136561630083,-0.370973412181964,-0.0388191467272738,1.95688337197351
"MMRF_1284_2_BM",0.472533535519562,0.493694928119146,-0.209202695567129,-1.42059348710385,0.268846695710815,-2.57081488245212,-0.242214866468981,-1.31944686116158,-0.771965980898708,-1.44066790173916,0.369389540782783,-0.837477391938481,-0.773610328857282,0.410471930472231,-0.204260959192827,-1.55831014311739,-1.2206051158341,-0.0200047408977216,0.524745007082454,-0.491409987378375,-0.827449385605215,-1.00370697549367,-0.971716399844919,-0.713524076191807,-2.1022184294005,-1.18890290154899,-1.12050957469855,-1.16099872605153,-0.217768470505713,0.575069410173245,-0.566132259710407,-0.632512677456975,0.372251465383874,-0.396895693537796,-1.38150258311848,-1.80010298407336,0.554263600401314,1.0816251878286,1.10682947394821
"MMRF_1285_3_BM",-0.632235999244842,-0.543001055793797,-0.642808208898925,-0.105089198764146,-2.06326891929387,1.71906615550765,0.693015094618366,-0.592058480734046,-0.132575729462085,1.44374948573122,-1.20456136462771,-0.620610910309324,1.47687796870202,-0.467959288985656,1.68663669561946,1.78133135382297,0.414542572400058,1.24832456487374,1.30158850770801,-0.538945416368649,0.739339321434678,0.403449692501896,-1.68668834313712,-0.0706791911094959,0.722600398231812,-1.00002796354073,-0.727654139558981,-0.680251705775298,1.38180543504076,-0.431597343085898,1.09360094947571,0.570548701166836,-0.948104425526168,-1.52138497587425,-0.743566101695057,-0.0746268298811726,-1.76307689717932,1.20688452996926,0.240360975126657
"MMRF_1293_4_BM",-2.18960794294453,-0.731578023886458,-1.85807663350194,-0.197562187966077,-0.735231074979105,-1.05146324577967,-0.924881278061935,-0.187017886894382,-1.10540284002426,-0.181408100637863,0.975066174667197,1.44459384184925,0.596795919753484,0.154801983361332,-0.375649285110999,1.4967237082948,-0.217978177688996,0.381102367226891,-0.316864379581983,-1.51992716314456,0.082803092172376,-0.490036701118942,-1.91847726298213,-0.687058267720019,1.59546679088876,-0.25805351074891,-0.597423086126905,-1.43647044445299,0.240047546026302,-0.951497012379996,-0.253531916176121,0.0762877007338718,-0.381824951777608,1.32082398384762,0.784313491712158,-0.138978253113159,-0.510099426112917,1.63505229707353,0.268538255986099
"MMRF_1309_2_BM",-0.656020337786767,-0.060609063989338,-0.793848531958975,-1.87825998296172,-0.384689642725842,1.00291694480451,-1.05042478374558,0.0948060641869179,-0.173596874171509,0.103075303130351,-1.56724246768828,-0.437767812721874,0.442065425962798,0.362691958878443,1.0877210370608,0.506542783352558,-0.321702621742283,0.272201869065212,0.751382028123235,1.60961906933692,0.0517304130353771,-1.37003410324298,-0.941740374578148,-0.194002076180117,-0.0582898791634717,-1.41585008837113,0.977067418864237,1.39490105274488,0.359496823252563,-0.0851048544302403,1.87375251057325,0.38785301815288,-0.877520021765264,-1.14621008779091,1.07227274445349,0.79677225219574,0.775644697103033,1.47947273013332,-0.969645455534643
"MMRF_1380_2_BM",-0.169540198270424,-0.159303780386314,-0.0717668165903097,-0.60484424514831,0.382229844335032,0.915619752615379,1.64303494959012,-1.79175392674997,-0.198162121618134,0.910044125334454,-0.7037201891038,-0.600759870739486,-2.39195845316184,-0.8777880908826,-0.127256902854442,-1.15265218793127,0.0259583986578979,0.451657565264721,0.802044642462975,-1.70660253412818,0.781336573898945,-1.4702435114057,1.93580333364714,-0.569926873563071,0.471179163553262,-2.47268587424628,-0.0634940708884031,0.11547856864184,-1.50945866571536,1.11553989207285,-0.577444393224259,1.68197169355836,-0.971801909581107,0.512715435260355,0.164846538097667,1.13015850209581,0.652412238792085,0.366558934310105,2.4285853731264
"MMRF_1401_2_BM",0.103617401323712,-0.916109670244022,-1.10282421770907,1.16795677855975,-0.426222982628544,-0.993042963122831,-1.66620088388468,-0.753793887086812,-0.321675900635822,-0.777862029055641,0.933852406336074,-0.126349943432214,1.19209527118969,-2.07618769264553,-0.756303226716098,1.36701991607733,-0.0121608253396491,-1.36253203115877,0.699909175870232,-1.12981021235541,-1.62997276582782,-0.0318219046033584,-0.587940028741372,0.32727960122109,1.49940528642182,-0.365390652728377,-2.73974696426022,-0.826631088564112,-0.784967084377078,1.65400921471788,0.429129192160326,1.0280944160246,0.474700784289618,0.595452008784396,-0.359067695341101,0.241929214193355,-1.57154157935789,1.21111077661567,1.08045107238456
"MMRF_1433_2_BM",-0.694956381028571,-1.76128737924035,0.531524484610765,-1.18967561321457,0.65071604297436,-0.892552489513782,-1.1847582630536,-0.24168921797648,-0.439687237323872,-1.93126507029381,0.19978512451333,-0.142132856048175,0.412390039143685,0.086812067472103,0.638596260942007,-0.151424228903867,-1.46243076678492,1.28442624981214,0.19474621901213,1.04614963650633,-0.400963500808144,-0.629396439741071,-0.750595392467791,-1.63940269884591,-2.97413114499965,-1.44638375838528,0.102223761651773,-0.990136429310229,0.0224225603205383,-0.0123440196809529,-0.218410416875794,-0.0932251611228817,-1.29642194641842,-0.220358919186318,-0.55123283124773,0.683124646505476,0.16363073329822,-0.312204669864239,0.622006774166514
"MMRF_1433_4_BM",-0.711792652618233,-1.73075170812203,0.179964974198371,-0.211048233246069,-0.712384656668293,1.26016277523383,0.387852414031837,1.21726634317568,-0.133501390818835,-1.26448570673152,0.526519255153684,0.63928744319722,-0.160815764341216,-0.0921464265349993,-0.350419678292632,1.35576375309353,-1.29179566579138,2.0464266146483,0.916875688294897,0.530438738172085,-0.0182513511504653,-0.176220171276569,-0.757740530713087,-0.912458204202289,-1.44450814721831,-1.02693208905256,-0.287613681005131,-0.348731810450207,-0.475334218589874,-1.18201788151455,-0.650598883423151,0.372929389719599,-0.593032531125344,-0.800184548581707,-1.22135141760075,0.314376121580954,0.099850156873452,-1.23728976028662,0.397458959908066
"MMRF_1433_5_BM",0.611961535021709,-1.09836306251698,1.46363505120185,0.0861718503733981,0.0296538808704825,1.19648866876071,-0.799887478742333,0.978505527975183,0.0779338396723348,-1.78812804694431,1.6267311085552,0.520298727498168,0.81714736020902,-0.435080003338919,0.649933489619605,0.754997380198943,-0.982364676956315,1.16356112689105,0.276993656779123,1.85205756593898,0.942528925573271,-0.135675910689081,-0.524586934018418,-1.51018300407364,-1.92390032614377,-0.863161093015768,0.689985316688893,-0.603244775980124,-0.590692797051739,-0.621561087335878,0.255881424799046,0.0534344961520029,-1.44649136655726,-0.479395442396331,-1.25406021645485,0.0489091801394446,-0.888990136329721,-0.820172786796109,0.379868601607778
"MMRF_1434_3_BM",0.0416470962999494,-1.19893248614253,-1.90738660972378,-0.00850903541960896,1.15970670411719,-0.945880251891882,-0.549997666402967,-0.97624313574189,0.446937315875135,1.02172698608756,-0.395201788052939,0.150722872287149,1.16271258359222,-0.616970971920724,-0.871297540650209,-0.530208224789925,-0.142038756670625,-0.513235554417486,-0.39295059807484,0.356122949673218,-0.496620048323702,-0.535296630354172,-0.938563797450207,0.726116009609045,-0.320167947035949,-0.942094874657195,0.292179200758073,-0.450586121439045,0.458384720926819,-0.273181890683567,0.210664944610431,-0.691951382753611,-1.00881257724349,1.241710866331,0.3705741748944,0.877090077749709,-0.682033328615816,-1.05796447800945,-0.815069222539886
"MMRF_1462_3_BM",-0.319284610588685,-1.73525169598347,0.674030404465817,0.837105168983596,0.656561379303224,0.0732545737920242,1.26005824660973,-1.29620935168268,-2.42878762414691,-0.713243472252691,0.945910617540862,-0.88435629588529,0.159998620165637,0.741086282201658,-0.548504935322358,-1.37942656332366,-2.13526955091413,-2.13682404214739,-3.21070869704887,0.802093675144392,-1.39158660857167,0.851115223348265,-1.36233634579887,0.824075839507429,0.991855339993464,-0.298782316093555,-0.388203066264028,0.41652988094215,-1.60358349339137,0.492161758699813,-0.397404289283435,3.20614933052896,0.34363926916444,0.0978034839779679,2.13713719775664,-1.26825961711752,0.395391081988271,0.565277233144983,0.0519013314535039
"MMRF_1462_4_BM",-1.24499497206346,-1.9211047676048,-0.232668817729466,0.681235369580954,0.695916957513678,-0.624425125631969,0.72937605431695,-1.43507209340998,-2.16730511541079,-0.347909897136485,0.592800211053574,-0.711369753526013,0.0876233311040998,0.473175245646765,-0.231525555224043,-1.11680433244116,-1.92633576910247,-1.33743372921933,-2.69544550195688,0.646348087090542,-1.67127630161142,0.220760290346142,-1.12349557964578,0.634007824744365,1.32519700668039,-0.611093728314451,-0.449591200393398,0.106042497143552,-1.57824822893955,0.55627961210989,-0.457969271012843,2.43488290228549,0.403383688777873,0.385144814995339,1.48200116070744,-1.90917236406716,-0.0831530992888068,-0.255166125535751,0.578879344208227
"MMRF_1496_3_BM",-0.622748545568533,-1.07885262288594,1.15376379156783,0.348526981498357,-2.99245441453728,-1.32141296071522,-1.16473327251899,1.60555217000956,-1.29657980782937,3.50317382789111,0.342849796679271,0.717406027413366,0.356673784856134,0.307164593372168,0.808444237536601,0.533500616339171,1.21833097474023,0.32911181765781,-0.471171641172621,0.365304509581606,-0.101654400350169,-1.5379837534668,1.09970258407709,0.48976940237768,-1.17020623624263,-0.834316470438869,1.40583499792599,0.674103780672281,0.841060386884476,-1.85169975624068,-0.457353708411513,0.385467736274656,0.437823188651331,-2.19194021776966,0.79074643675386,-0.401966757955616,-0.724870524526459,0.897431809149068,-0.994709064921808
"MMRF_1500_2_BM",-0.478069681772258,-0.10159599464044,-0.394418273743215,-0.43539778145723,1.01431041911819,-0.811703416791361,0.451233243825919,-0.572497522870317,-0.490151278901745,-0.276872363228358,-0.234421041910165,0.107926856300767,-0.232515537107095,0.881806921667064,-1.14671844789598,-0.401136663521708,0.0539230683600326,-0.396016532259631,0.667570859535218,0.391382370248097,-1.1703023396378,-0.172772173541672,-0.626949113790114,0.4259083871719,-0.407274250157878,-0.837769175571413,0.227541237153503,-0.714204933102456,1.34150417840538,-0.771956222479614,-0.224533103755064,-0.164476824766123,-1.02864394627092,-1.0174714021987,0.402642294580891,0.612551608361875,1.19129946761792,0.451851421910314,0.0787384221517795
"MMRF_1513_4_BM",-0.0935229531185134,-0.899677155418616,2.00353606461687,0.467783113840993,-0.794720447738271,0.116894210247013,-0.819649545037314,0.407439197077829,-2.35242043637824,-1.10214146015185,1.4054730211904,-0.105869855823209,0.338019102486428,0.616863961272631,0.692263725944098,1.55031506303352,-0.960072927804642,-1.10412012034713,0.390373346976149,-0.296154952656627,0.992180981366846,0.0127987609016362,-0.841662388201319,0.0510698103430285,-0.464655377383313,-0.0203069772064306,-0.957874238593561,-0.498319343659635,0.350136832142281,-0.380330882725851,-1.85415588086578,-0.512313510085019,-0.416636909525861,-0.93888172229492,-1.06257323889792,0.886946220882129,0.621676106111504,-1.02043293189924,0.667884236062806
"MMRF_1518_2_BM",-0.839777052049113,-1.4693262187436,2.01697262480025,1.63729936008367,-2.65421739244369,-2.20037204308666,-0.5457910258525,-0.668311489480228,-0.630086398339264,0.705715221798659,-0.229350918701271,0.650007366962181,-0.461100751024287,1.09279456568106,0.198213572060307,0.403816957388152,0.565150855529264,0.798857386616563,1.00292381822548,1.23887823532779,1.03983371326178,-0.782487952194818,1.11039321552722,1.45680001213869,0.0334294724136128,-0.290285387825294,-1.16017940495727,-0.211004044150278,0.768675913754485,-0.62371803947914,0.300443411453689,1.15013232903317,-1.83098006144302,-2.01612958651342,-0.820580677998536,-0.223765237372367,0.939458873861143,-1.59441040174536,2.37691892078842
"MMRF_1518_3_BM",-1.26199733949924,-1.6150526274039,1.82198179250712,1.43128405890037,-2.71345406850812,-2.36322386838262,-0.280964884847859,-0.735749910773405,-0.732610436946891,1.92489856993531,-0.746971335317359,0.82287486981713,-0.928317245580382,0.932573487720633,-0.124533538692188,0.41378441921129,0.905366319414636,0.604440799296204,1.28769235210341,1.83034960255,0.648869702844285,-1.36562267510808,0.626774753138092,1.3608482492733,0.0428548958072363,-1.23774366719409,-1.28399733870914,-0.0287019465534346,0.72710723088776,-0.929795870859935,0.0635012143528663,1.1911171994477,-1.3794248940987,-2.99519296479519,-1.23901174370068,-0.233960061175518,0.406324786218701,-2.03922558945448,2.24369888164229
"MMRF_1522_2_BM",-0.65817627104724,1.62707018119062,-0.144948997342766,0.588938777869339,-0.692189673320949,-0.77521654080449,-1.1234324829052,-0.322727261418874,0.152895826944042,-0.511407054798931,-1.04049213494015,1.97736071154129,-0.650231530345805,-0.457628146355068,7.00473832680741e-05,0.724469860934966,-1.99744283248357,0.286860688624279,1.13014079919797,-0.909235926251814,0.473711518050989,-0.569403644658862,-0.0491258687273745,1.59221961951762,-0.999878637605704,0.790764768227272,0.881821245896517,-0.609087956992609,-1.19174131832084,0.659555697975089,0.60443742424193,-0.281412280249652,-1.7202171659196,-0.404154697108788,1.51138948641447,-0.465686200899857,-0.778953523786842,1.691889631634,0.753834094213668
"MMRF_1533_2_BM",-0.950076330965109,0.471503962100729,-0.587181983002067,0.222852319362595,-1.38684411862389,-0.604292161207527,1.4677771004954,-0.78836839896503,-0.245144033422005,0.118784458505819,0.768202626374538,-1.07334594437745,0.453832959563492,0.0202402670025554,0.0400103875258628,-2.11073763257392,-0.849827332478823,0.734948796895136,-0.374547354429962,1.02287377457766,2.63615025544572,0.314495717252674,1.65877977451954,-1.45957327123852,1.12492410334572,0.630591551050424,-1.71857445294393,-0.041211180405501,0.111126774565117,0.421171328205352,0.538512607221672,0.127032544489027,0.463128991338506,0.757342882427915,-0.940451956507185,-0.783111853768372,-0.37325537217658,-1.45376217155588,0.547524277370262
"MMRF_1534_5_BM",0.934008148136274,-0.282480853955112,-2.01909071299246,-0.423962797246401,-0.75354010513466,-0.387852849648157,-1.78270827783603,-1.15201198188823,-0.0273999148282302,-1.18135927501494,0.0704873591850694,0.204743626909126,-1.80284857976865,0.555384503198216,0.117443710741092,1.53879929062595,0.648754358082788,-0.302517669776342,0.17306685790642,0.243128267547885,0.484644201968012,-1.01177287134279,1.16841709630461,1.51213527178006,-0.306781566388738,0.146152080170135,0.255122757431279,-1.63528912346806,-0.340831084161817,1.31970578531199,0.380692890378077,0.491674397884382,-0.816893252361077,0.541367926429772,0.765378824984993,-0.0097933414444324,0.597337344617313,0.0753937736168905,-0.211347982352067
"MMRF_1565_3_BM",-0.165592654458885,-1.07726480410448,-1.22274135398782,-0.0961111125656131,1.58231667028925,-1.91527477249233,-0.692009194901452,0.166043401065408,-0.365200545454055,1.51280225047465,0.536946884117488,-0.52756962939025,1.59352182271333,-0.354706041831617,-1.50285862008654,-0.126584301919392,-1.21343050122971,-0.181073703425433,-0.775685325095161,-0.603098839767079,-1.07944324745246,0.368802565726503,-0.043594833070884,-1.04865583538476,-0.195364020886865,0.13448052081862,0.574650724800544,-0.0563365732213007,-1.27508580312114,0.0973205338332797,0.582155108349878,-0.492802608988538,-0.202455971422835,-0.0578370669106481,0.457328879201307,-0.516894119513148,-0.817398335034544,-0.211287112304473,0.24314734936654
"MMRF_1587_2_BM",-1.64866881613355,-1.22175104927398,0.827681729856321,2.93407064234757,-2.12031226136705,-1.6028759758238,0.31434750959192,-0.23218490218639,-2.38704762363815,0.176946567465172,2.4741136047871,-1.62182730294292,-0.32870899842029,-1.42279532267628,-1.37069255247938,-1.20263813094339,1.01529083519613,-0.646867079596054,1.43153202185166,-1.96796031710912,-1.2121918097702,-0.636405852902845,0.389285418027232,1.18688648860696,2.04846965216342,-2.09605085121445,-0.215829752350914,-2.31444098395126,-0.450993793269538,0.531895355831035,1.08901373611373,4.20617327782479,-0.644414228991074,-0.463814098669834,-0.86782393874745,0.623256991721132,-1.4884510108588,0.140026951008653,1.44831020919547
"MMRF_1624_3_BM",-1.31688776664503,-0.280858461539015,-0.855127726312575,0.972638138820031,-2.36921788810422,-0.532557015277803,1.19964457747665,-1.43266360951112,-0.258619099045307,-0.549018645747845,1.06165686840052,-0.408769577516494,1.51423952096489,-0.0118977720064934,-0.0608504770453852,1.57933863398202,0.754140961737638,-1.30817744699426,0.36995160575184,-0.31328256206134,0.231945654253513,-0.0845440945258757,-0.908660186087416,-0.0887079496813187,0.125897911745745,-1.68575264307594,-0.581389971379558,-0.465650951389463,-0.396698960205779,-1.05550202314006,-1.52104310127771,-0.350069734572621,-1.89233927903256,-1.59601223581407,0.350764764576769,0.600716345284414,1.51602361458079,2.13601845496624,2.00828898564087
"MMRF_1627_3_BM",-0.554295891635751,-1.76945091021144,-0.175592211245318,-1.16829737169661,0.0673591592110168,1.46762492110113,0.230459204256675,-0.632394058276591,-1.73912589940353,-1.02133707514822,1.24897972920213,-0.452866760037855,-0.31681950086464,-0.454283443607662,-0.171218449644503,0.591952719509026,0.548613173429738,1.18303036581086,-0.200009938649503,0.529133929037581,-0.104969614039477,-1.16831970242077,-0.965285455438009,0.70067764910051,-0.662958314876004,0.301401497984372,-0.940936316273214,0.0663187833729952,-0.436979087482612,-0.0210278911989518,0.27701705195957,0.833120103515915,-0.310163162533351,-0.110737445220829,0.1930116172992,0.593234998129179,0.798450861391309,0.00978589861527732,-0.508582636954497
"MMRF_1628_2_BM",1.3955829754135,0.752516407263302,0.45304535508045,-0.161910242310204,-1.52283330103948,-1.00136976472078,-0.27703136609082,-1.33092815397127,-0.580507908538412,-0.805231245977752,1.12909056465186,-0.331165708294461,0.907796705117643,1.40286361506928,0.586138676127,0.500320563431852,0.645083168177253,0.0702684183410786,1.1000296938278,1.37243808430801,-0.251212723432089,0.0699612827887399,0.495497125566849,-0.360120298019392,-0.218248879984705,0.37814470908963,0.910320926405198,-1.89598803468728,0.0911986920024835,-0.209507001288554,2.36075493469016,1.94602230817358,-1.88529698547035,-0.140663117141975,-1.72838264685307,0.201485481120384,1.1811695799159,-0.411477414431745,-0.000448942512378321
"MMRF_1639_3_BM",-0.612559885342967,-0.546944168650734,0.00382838042338783,0.0352536587911886,-1.37228949536304,1.72327884918912,0.575432355177536,-0.114259063814315,-0.14329869886386,0.414600573384286,-0.336322428070091,0.617729369110406,2.21030376967931,-0.0758050887743807,0.351201562453887,1.96915304358257,1.34192848956192,-1.39357682749687,0.332586122491196,-0.87928083723028,-2.04563515862838,0.404023992474368,-1.53100322309708,0.674811715441505,-0.908078599957814,0.128929351474861,-0.413876178559179,-2.57589989145427,2.07602783286073,0.773049107007589,-0.366574545254822,-1.11726669336732,-0.713359711559627,-0.608386571345289,-0.876899280439657,-0.219443467730843,0.573203593724198,0.626186177979774,0.949106180942274
"MMRF_1650_2_BM",-0.514898796268924,-0.825499530220528,-2.17262286348738,-0.674814162755949,-0.317566997864845,0.381026133392939,-1.19758834185122,-1.62097796179285,-0.803960933343221,-1.20661568020225,0.341386695570405,0.64671819024952,1.02016923171791,0.18165836455044,0.00101526806093644,-0.106127679189056,0.429992764074532,-0.168838407739905,-0.378848219869964,-0.572589039467004,0.663783767534234,-0.183308635742777,-0.723029139296883,-0.238576993012735,0.168439929345065,-0.619211235571944,0.251503759964541,0.405258053635976,-0.465008939718059,0.75023191547586,0.844394654884281,-0.418082009080784,-0.680286959504814,0.260361581867257,-0.708235198456556,-0.688604541060856,0.979219298270207,0.330487337889915,-0.600625546179251
"MMRF_1656_4_BM",-0.750570896643609,0.668361559427552,-0.842340774349602,0.693040858412634,-2.21736303764568,-0.120908828923599,0.0154875396316825,0.224500409120547,-1.19390828905082,-0.805068569784218,-0.0940252524758546,-0.105618250920235,-0.0798223250958873,-0.0579238256557666,-1.13733009209837,-0.71391439378673,-0.832084017048452,0.311176730725774,0.224020053216802,1.38403552658903,-0.33520924807498,0.429205395451461,-0.265548361494108,-1.51248632761264,-0.494204064690787,1.41714423001066,-0.788112150576123,-0.815063471705129,-0.715484594710604,0.922771148398624,1.29929462162805,-0.487517440627959,-0.0617108884023598,0.336550099039725,0.825045217669903,0.889243145526355,0.1393726625206,-0.574882437393163,-0.538404872481618
"MMRF_1659_4_BM",-1.66838234503031,0.0606931921997996,0.246647385024204,-0.0858783908989789,-0.655870622066951,-1.70337177870569,-3.00740886694601,-1.29327448402115,-0.991348619558334,-1.22925227030644,-0.355459614348309,-0.738461126309781,-0.335815611022104,0.580968659023758,1.28457105629687,-0.312194555054546,-0.484987647462138,0.0375846211855601,1.42433133343136,0.0631197911548097,0.667470954247105,-0.907837371038559,0.498866691919011,-1.10289724762337,-1.71470855300237,-2.90162704138511,-1.46523221143305,-1.09046004682734,-0.941931818282862,0.620167041287341,0.303727408212632,-0.505014800906343,-1.11909202997293,-2.1443092701923,-1.10754849856433,0.542604903734566,0.712019456962299,0.648946685276397,-1.19420834558108
"MMRF_1664_3_BM",0.334802207744276,-1.27117845132673,0.437987068624766,-0.506068440264713,1.69703018182108,0.640286283508918,-1.11353068777664,1.34484333081849,-1.42504502267038,-0.58338190056578,-0.198778842806523,1.56548656883545,-0.0274181886810547,-0.334366611355974,1.02217362889306,0.616142304353592,0.541913960271607,-0.420547809397306,0.235638252395022,1.50015897893071,-1.28151309819263,1.29630741109266,-0.0255466358410826,0.169053220533338,-0.660196313380828,-1.35392117469928,-1.57462646155535,-0.0631957987067702,0.0527914732791869,0.849055455517932,-0.870629151271846,-0.431519924654091,0.02996657568063,0.390327757887209,0.200872354894292,-0.352345232144769,-1.24547456912423,-1.09429168672539,-0.468995004331781
"MMRF_1671_4_BM",-1.56419909907846,-1.73359879574826,-2.93119129303208,0.251042342340101,-0.477426751800066,-0.0742810368936571,1.02698690636917,-0.850337555794204,0.671752340583231,-0.247104208952058,-0.581776294340891,-0.0589738354991951,-0.433926426726601,-0.71136302699077,-0.222878678714673,1.20265821161813,0.355235576502595,-0.00504240543614962,-0.251272923718698,-0.434181879576003,0.154612186058617,0.35042117825997,-0.0909713383562434,-0.25523500469496,1.02956303526809,0.111563243924402,-0.221616005294498,0.101548917461917,-0.6181101933349,0.0360188075523741,1.133158013792,-0.170681587363201,-1.44506448191075,-0.0292283122759036,0.0718790631454942,-0.0240724101279332,-0.451118107414906,-0.433553094302161,0.126327909553269
"MMRF_1671_5_BM",-0.0200358657381922,-1.11706976859062,-2.17983834422303,1.05669765920113,-0.619354044971465,-0.296871060137758,1.00222833923391,-1.57385247340872,0.462838638411061,-1.1058014687734,-0.389131512494536,0.425113747726745,-0.207035102303899,-1.2992301524561,0.296734695607564,1.17319160134726,0.330475071414702,-0.758685899005738,0.534332190217141,-1.38787280111715,0.266281573259862,0.254558170777086,0.533660374719379,-0.573891466009211,1.28402403341135,0.264388264754722,0.0569277950770194,-0.369465254999807,-0.602296220032418,-0.442195968269456,0.923995172795189,0.322474827584725,-0.992732401496772,0.535374937706848,0.202298570459794,-0.288466781107338,-0.664473983729187,-0.255694508753165,-0.394418404677417
"MMRF_1683_2_BM",-0.369728891621564,-1.9612923574701,0.369657000744753,-1.41884892096202,-0.78668945423413,-1.45255342363145,0.458805041786333,-1.06691324174134,-1.91798046999855,0.306525423040692,-0.993951281390805,1.91052914356683,0.125687550105483,-0.276605009867622,-0.356687555169906,0.436986602160565,0.80879632157264,0.711139408204798,0.385927438886265,0.68840286216113,-1.04807723305132,-0.320173134310015,-0.736214366478176,-0.186059769576702,-0.145081766128413,-0.759854545456823,-1.22466433424662,-0.493516669417362,-0.41276062003252,0.695039654387872,0.47820976505373,0.429481817485298,0.648929410293382,-0.209704449121333,-1.33498198782189,-0.356461862705319,1.13383475357033,0.278291890612105,0.588305398865911
"MMRF_1686_2_BM",-0.13352567509135,1.03024948667572,-0.475025122357005,-1.36217259276036,0.850275950679776,-0.613663245418594,0.190289222067235,-0.580525197547639,0.29929944546013,0.244970193937537,0.780445196881954,1.02798571074684,-0.0983327329339902,0.364067599422235,-0.261039302274608,1.36492742221501,0.476514353501259,-0.135926232060641,-0.0498538020604546,0.0561868692425543,-0.315354852911606,-1.12725571257848,0.0722545851170466,-1.13087328295034,-0.14874313499449,0.226107687345755,-0.41371867981969,-0.945545969000237,-1.24384104567118,-0.659539985524791,-1.73994082527801,0.708368878443586,0.785538283622456,0.908744863291866,2.32755867962628,-0.113079824515421,-1.50237481433688,0.772912214148727,1.33585153481205
"MMRF_1694_4_BM",0.249606695394356,-0.876660666169758,-0.0227086794185995,-0.727902437080644,-0.636345121830072,1.38597131944529,0.811481709145226,1.00885427574697,-0.156995955861252,-1.12733333405409,1.9474705339188,1.41268254873065,0.767383783225318,2.04489034433279,2.14853446200787,-0.855344971795169,-0.545604506918797,-0.330020776319112,-0.672543577426436,0.539128948931037,0.35570521715557,0.0622552653387078,-0.88314973456982,2.00355753140758,0.119920348614057,-0.292971942123549,-1.55060188601625,-0.906038420810451,-1.33077067791646,1.15728976485166,1.97285139829062,-0.0465345587486059,-0.608725027925841,-0.886606304620464,-1.90114957000907,1.57908901579617,-0.447471008966016,-1.63039216022902,0.120454247518668
"MMRF_1700_2_BM",0.00982264269444711,-0.123489672428584,0.234517720687971,1.52864689520429,-0.543100669748408,-0.926862436868348,0.895155401835047,-0.573338223779361,-0.329504401570021,-1.19010813920711,1.02935156198853,-1.08826101209646,0.670419356145515,2.17802067742109,-1.46843354907904,-1.02311086030047,0.787297654955392,-0.28221872416947,-1.34413156723254,1.18753735580659,-0.512938654993986,0.983907606498246,-2.18146527528846,-1.35044384001476,-1.05924450083885,-1.13645488005775,-0.635529787355835,-0.304861746194807,0.33012432034686,0.379075048817747,1.40425227899189,0.080355028285575,-0.952301492416177,-1.75028516929029,1.23002100186299,-0.0465991625097137,-1.15161291489232,-1.25918352341326,-0.696391437062703
"MMRF_1736_2_BM",-0.127185836508222,-0.480480773268867,-2.07018528422198,-0.566397386045069,-0.418604719029568,-0.0279661728606066,0.537196380560797,-1.41400847386301,1.09587897492721,-0.69538199746163,-0.058943131427841,0.540906129267276,0.823129539057352,-0.18221992169326,1.80070445089149,-0.859308496870623,-0.0225440313451183,0.670848287003885,0.589788780344635,-0.855050771908079,-0.00718224449469293,3.1276916573964,-0.152059347673936,-1.09266526999537,0.58134048874252,-2.26828566829396,-0.370509978547099,-0.400507936972617,0.503212716644229,1.11976371072331,-0.100947876751626,1.12825605672301,-0.344045372838494,0.89281353546624,0.458869434282612,2.02179739057593,0.521712986679391,-0.461855120803561,-0.182632274625613
"MMRF_1739_2_BM",-2.48120772489737,-0.266078498338894,0.415775061211524,2.18780625766395,-1.06619399064281,-2.61349681998767,-0.735591970475703,0.262916551481056,-1.17692846043884,-0.25620054519935,0.664113915246161,-1.60265202076834,-0.668192771792505,1.30314101605909,-0.127477376208216,-0.181123163832695,0.0604234611340108,0.311089287292175,-0.294694111092194,0.54901848525977,0.10785494973343,-1.05625046476403,-0.490951313148041,2.28859303792163,0.000227373961362463,-1.26983656165675,1.15317173430239,0.0456809635120707,1.01037321647182,-0.34540437832072,1.02266530785007,1.27068162000272,-1.04765996177479,-1.57734688793593,-0.729670074243891,1.71758756831945,-0.168970905987472,1.31971606192321,0.527231597919912
"MMRF_1783_2_BM",0.350115411362809,-1.32333843921509,0.390300905094576,-0.403551441009541,1.60280578232841,0.54897563202195,0.0362019257848102,0.391331501068734,-1.12889953198462,-0.739588356166675,0.373306369602551,1.24981859559641,-0.528563806503705,-0.390668507156694,-0.535929898295098,1.42281719448056,-0.60779135450686,-0.356223161140958,0.714745486476441,-0.040583090889239,-1.3447872975455,0.455770728915011,0.618303655750164,-0.933493240438244,-0.13048025744188,0.118639582506165,0.271583474246284,-0.142039812635933,0.608391227698889,-1.2914682402024,0.33331551575354,-1.2626663791653,1.00176338547976,0.630146553976313,0.81824260597426,0.602294047012869,0.349485010352591,-0.621948399607941,-0.0732366909119271
"MMRF_1790_2_BM",0.482029575742306,-0.994607860340659,-0.334142441301777,0.772111787429834,0.328651985762352,-2.17691304746518,-0.578305299725385,2.29607614734072,0.171951278230371,0.635286357231561,0.668051966174095,-1.30260916994226,0.637455676655608,0.319945909469352,-0.150941637081559,-0.430298240353045,0.538612268856537,2.02000413896954,1.00116015925807,-0.876639533748213,-0.251748996990372,-0.748922876428509,0.421772024945852,0.390051025915313,-0.454714975574442,0.407043690272911,-0.764632503374498,0.668648146422259,1.64426164682364,-0.17492224736506,-0.127915900729639,-0.226308229274947,-0.561642960447861,-0.0750175082941976,0.269274278726845,0.433153497203006,-0.221514228806201,0.0992628461876483,0.474911778058244
"MMRF_1790_3_BM",-0.0510534389766187,-1.30860858472751,-0.578816392548196,1.73463447726872,0.070949315428103,-2.20208659765317,-0.879795646042868,2.71980519149444,0.658038866594168,1.46604084050177,1.46019505584205,0.127865914326244,1.02063900527265,0.0733154410111512,-0.969672125423306,0.339750431818666,0.126378500664794,1.88875430076051,0.257004526329609,-0.348238004326402,-0.492635114358852,-0.703308046509764,1.05154536480001,0.394566865810511,-0.200240685780934,0.844691188597754,-0.0153952630601308,0.267728337570962,1.34589473044074,0.084919466978975,-0.868958046382759,0.440874677374749,0.0289570346200204,-1.0015338595282,0.722109227341604,-0.48745054745774,0.862006530935542,1.31867914820619,0.136346129388452
"MMRF_1790_4_BM",-0.835959635612314,-1.48798091116404,-1.17479612277851,1.64482249311865,0.154317666030475,-1.76273635175252,-1.95105386209597,1.39248501989318,-1.25246096060799,0.189942059626348,1.4921699831881,0.952958975399072,1.90039675156271,0.395366732289124,-0.0881793619585565,0.370308233544507,0.901598588619849,1.90689375650614,0.470878249521136,-0.449380620884668,0.362228026285669,-0.373238197948737,1.56405031608282,1.24292785480699,0.586046312662848,0.805466755352826,0.0382403795199915,0.714487945258998,1.10278843380494,-0.283836184870615,-1.00942392517262,0.91581279310216,0.0853020549133183,-1.69539151879698,0.658186616205773,-0.537510554842547,0.474693221734395,0.823485005166346,0.20120976149064
"MMRF_1795_2_BM",-1.27615582220654,1.61421830587122,-0.578762872339736,-0.22950313049555,-0.995340007921333,0.104888006551911,0.168449298648399,-1.02129377426923,-0.85151622673593,0.437885630827271,1.30615025552168,1.13611298794104,0.627771948298521,-2.40672414436337,-1.24199047722089,-1.08708466075189,-0.449048735848452,1.05302353184482,-0.204316457096218,-0.336466569533088,-0.459305395706614,-2.53344483559053,1.22145480407459,1.59281645074984,0.086893936866795,-0.509987988919424,-0.856328993770963,-0.469869585576519,-0.183873496201656,1.99673311815906,-0.303811986251443,-0.0444263475092998,0.18804645505158,-0.265460618610972,0.145138466275695,0.0131307459782011,-1.15522276335389,-0.261246102013838,0.353265311779443
"MMRF_1838_3_BM",0.528005176541917,-0.601811696160697,-1.29952963241194,-0.689677548686546,1.08441507662504,-0.675985001896804,-1.16588326849939,-0.85976246239403,-0.478853745810584,0.203091843411727,0.0111649562734468,-0.122144317026509,-0.297025342046438,-0.489095393598482,0.787467516085931,0.873933160478726,-0.154775655404349,1.38061697621038,-0.101350074969394,0.297981511776678,-0.510410856839396,-0.140466882341524,-0.809454267459067,0.289715375091361,-1.09080980333297,-0.790253289341681,-0.575638966744211,-1.07827552312458,0.905358370433672,-0.419683282845221,0.372579988293228,0.251746508540184,-0.651503588327266,0.039291726582087,0.0046282086945057,1.6156692565114,1.81675864321029,1.07905573327442,-0.392495132157459
"MMRF_1889_3_BM",-1.15362135387701,-0.494551461261028,0.674834491969652,1.95038982166297,-0.717345849818668,-0.502130503264412,-0.0894315188806129,-0.820747875074439,-0.693445830731312,-0.472380733946445,-0.0403557062278454,0.416182252985578,0.264567932601057,1.29869554596064,2.28907035413033,1.20840335606777,-1.35709964827631,0.936476868933108,-0.958687509230665,1.26416925810965,-1.01438566545916,-0.027382184337464,0.442851432954007,0.906079492220808,0.063230793475736,1.73089896567444,-0.972907718205205,0.614500727295968,1.61686583049,0.276511977924354,1.3331184074887,-0.551883691592582,-0.521599121810226,0.828396015739803,-0.228554044337927,-0.402107978715983,0.706021736995847,-0.0636791861362775,1.62535248798471
"MMRF_1908_3_BM",1.33247572200035,-1.03082952394792,-1.31743235008082,0.750917718824243,-2.02779994301497,1.63478240152169,0.30934812398203,-0.663033715854047,-1.30906400940302,-1.10088392784694,1.42152672932553,-0.606278850932964,0.735671644900198,-0.728038113351813,1.76454381785877,-1.44135745468365,0.624655824883252,0.137374576059682,-0.42645875538363,-1.28139773065732,0.525814390661548,0.459850742175272,-0.409755806854861,-0.52547932274413,0.220195906436315,0.231428935529212,-1.25991418611043,0.00948931716592981,0.21133641674579,2.56914068509385,-0.912890108405136,1.88399090282515,-1.51845997344473,0.576814403242433,2.03683665297052,-1.33279406349061,0.460722798882929,0.421511827527085,1.1617313106493
"MMRF_1913_3_BM",-0.140611491911689,-0.893053770071819,0.64584782865336,0.416665771896693,-0.535801481465823,1.29151990527727,-0.543340656382589,-0.794361009728986,0.273518036476204,-1.93973478829932,0.517858330215076,1.94764049041006,0.672422957047917,-0.121897287462827,-0.452349185320552,1.36230077843789,0.454246111628996,-0.390274241619153,1.55903355241719,0.199542994906442,1.75247708688145,-0.243231762216855,0.613229713536208,0.570818381081291,-0.943395278815839,-1.60096935966186,-0.326704410477871,1.70797005605478,1.2445946665302,0.181436638346828,0.406563174862216,-0.520716897909301,0.016807823773023,-0.961786445395708,-0.563934999533972,-0.303510057693694,0.0434804289198372,0.420010633036623,1.42670945282502
"MMRF_1931_2_BM",-1.03284668778485,-0.374401803208661,-0.0142362450448994,0.00894059233531135,0.279096109046827,1.06932963352593,-0.957759296519661,-0.644361350559041,1.25742093961448,-0.515374982124394,-0.755043715492979,0.280506354764193,0.229344227600434,0.429302438064961,-0.413459345036194,0.0946434108601655,0.573525193463984,-0.859059306293543,0.313671139174131,1.28497546782144,-0.184320363738182,-0.996492616163037,-0.34924597686336,-0.489749085165958,-1.22608928123366,0.547227520850106,-1.19868088381168,0.807868932130588,-0.476703820052804,1.3327884599952,1.45176605421192,-1.30588266725248,-0.119471524746456,0.546824654001113,0.498940173435253,0.0840739257087755,0.00322740795285748,-0.273314679201227,1.31213142057499
"MMRF_1957_2_BM",2.09323549761775,0.768562630403196,0.249664167109596,-0.812145783394818,-0.785804186728459,-0.374255504399382,-0.167365773106291,1.54685900385534,1.11467175510198,0.0903579642717369,0.421599581043966,-1.24197990530216,-0.382754178649787,0.647069347049303,0.241444840560252,0.383644516454629,-0.514986853243832,-1.248386839965,-0.0897834650094888,0.701247922448644,0.746771855773379,-0.218833510502143,-0.432683058741899,-0.640032639316728,0.342751977315765,-0.213163029507552,-0.994172335939392,-1.00416802735439,0.398017186715294,-0.8154084565969,0.0713105869027104,-0.758368485508813,-1.58243858647429,-0.770439904121242,-0.885183535263129,-0.415724002227502,-0.258425270698877,-0.14699672754911,0.621516750053822
"MMRF_1978_2_BM",1.49950015845635,0.759587790043371,1.64016967552226,1.22793104974988,0.579931154017226,0.229775827930598,-0.175347926718416,-0.941408912638976,0.641622585085336,-0.891427789697248,-0.985404771970817,-0.572756514379607,1.3938976475895,1.176158829756,-0.178124821284139,-0.34484309963852,-0.544005867241403,0.0500889670716994,-0.152560587396779,-1.47914284212338,0.379766875242364,-0.506659867324991,-1.74279885016272,0.322258307550573,-0.612327109316141,-0.357461410096199,0.947545490228,0.825938336408998,-1.03264151534151,0.237799379537506,0.661137809702926,-0.0509517271188667,-0.0942775624504635,0.872599420399309,-0.279760254066117,-0.834012078306971,0.0564793403192928,0.326867428796873,0.476388747362206
"MMRF_1992_2_BM",0.312615120551451,-0.337174017921862,-2.17555483035325,-0.388985614072687,-0.172427850568967,-1.47719992533673,-1.49212767082201,-0.17347547965535,-1.42979290454382,-0.444144856560837,-0.606459184448834,-0.3498266188703,-0.0433300967923224,0.0158216554313077,0.393405629985996,-0.464177762237737,-0.303397594050623,0.568016933521504,-0.0247596973913143,1.18707715219816,-0.38762219014427,-0.497186753246671,-0.0583788916121,-0.229087672709321,0.705675610162106,-0.301548408453056,-1.49335707234163,-1.11136691699942,0.840876994453124,1.15447395641894,0.531505436542072,0.772273043644775,-2.0180858927992,0.178686593630325,-0.882939698971661,-1.71439560882135,0.23093016780078,0.830927342110346,1.40657602015996
"MMRF_2011_2_BM",-0.913601196792816,-1.28843522605824,-1.68269717982316,-2.0126902309738,0.511981358626726,-1.76626271335369,0.241241065782718,-1.41667377629821,-0.324649089665665,-1.94004582763269,-0.0970588798646395,0.214405026500129,0.0428438308536245,1.14952443175944,0.406555688892384,-0.265838018311385,-0.0988360548704902,1.57429945237247,-0.0398222350722436,-0.433744482037613,0.135458626888673,-0.97735651909237,-0.998935291586255,0.0916291973065107,-0.531855782119182,-1.57537661934938,0.986149511544779,-0.428380297157576,0.998233772809709,0.509142262396565,-0.134137594560293,-0.234448518397273,-1.18288657005793,1.19730770046162,0.526630997857432,-0.546384653513315,-1.07530838352521,-1.51227415420381,0.175362558167071
"MMRF_2015_2_BM",-2.08948475759109,-1.05160037505369,-0.496794334232096,1.75560318848618,-3.02856395046684,-2.52546731894172,-1.15591693329993,0.271870715940191,0.485962418313926,1.51935685610751,2.26076971520671,-0.980783863855258,0.231074457856002,-1.64701887726699,1.31945428052366,-0.191960094168409,-0.556460905945046,0.215734034883499,1.46611109369157,-2.32715204469861,0.720395767991178,0.62428792571478,0.730633414451197,0.6414053232905,-0.502984358645853,-0.703364405222192,2.01117649184535,-0.588780653468084,0.492842368662035,-1.05873762270425,0.752022479221923,0.0570083074210365,-0.291861028388406,-0.101055880220435,-0.287659721041126,-0.540136853347918,-1.21039613175321,-0.758457256011385,0.171290885517896
"MMRF_2017_2_BM",0.591022577922255,-0.774158498649683,-0.642149354652839,-0.958102875263728,-0.0807913246148391,-2.39838978674407,1.00820576466747,0.32417641151174,1.7836545807988,-1.52419964771306,0.960559656379105,-0.340193426237334,0.684019321733718,0.803132061130916,-0.126902642576335,0.202499173567386,0.512537294973569,1.65834928007276,1.2770690502266,-0.460999984813293,-0.41319940630118,-1.0507100736614,-1.3962818080668,0.458160967810166,-0.456888576084558,-0.165903807837303,-1.17025652849539,-1.02008069883756,0.475856611915098,0.653769592311502,-0.0307279376536005,0.295616303036551,-0.067551475412122,1.62030640775137,-0.0426214295055349,0.135387461583396,0.0226876741597204,-0.45069415585001,-0.343898420855742
"MMRF_2039_2_BM",0.826770813722578,0.0232275279189838,2.60537082294693,0.57523553373725,-1.37031851165997,-1.95081860164915,1.10295691464983,-0.156652150366084,0.320637744903648,-2.74107334928737,1.48371903738912,-2.75286281032263,1.17503689614316,-0.0565040497021575,2.04692361853108,-2.33063122998987,0.564975830468488,0.315550053581801,1.60719761779656,1.48272042911259,1.3909182031909,-0.315877923743285,-1.86298180862561,0.477884036762919,-0.735370850372682,0.19678142813361,-0.095318422137466,1.57433904726197,3.10573085052139,0.863246033716718,0.0768479382420867,-0.667219778095294,-0.179122574663923,0.685591062589926,-1.24900074277757,-0.169420317268642,2.22342715475582,-1.46269098228475,1.82507804837759
"MMRF_2059_2_BM",-0.870044887985996,-0.700443953854705,-0.0352871483663523,0.319312949522254,0.358174072349059,-1.52541800539093,-3.37253183457463,-2.0911235341716,0.384516746666742,-0.863217862930286,0.509450494066457,-0.328156244058389,-1.29115445585633,-1.94527813587286,0.427292244524113,-0.284404751427362,0.182674662636467,-0.951845324632466,0.669220420182846,-0.383063411074791,-1.49968319545507,-1.08898217745374,1.57125712993589,-0.89337941141404,-1.77652283357766,-1.30698439125731,0.429371234865513,0.774954291742129,1.07489273143929,-0.0310317669549911,2.26298017224107,-1.66307794408986,0.499597738808255,2.14850816284342,-2.09695061786653,-0.0353064846765104,0.635678847463932,-0.0702064817760408,-1.05302556975492
"MMRF_2076_2_BM",-0.077413039648458,0.0613751983410618,-0.160123178986689,-1.49472793702576,-0.852442703879919,-1.28891702470476,-0.266009462150753,0.237701117833688,-0.433432157510423,0.122329237600417,-1.39004784109136,1.75930803901917,-0.424395547956167,-0.31457405978118,0.913296006739825,-0.229772632680083,1.58021636721711,-0.0266682083194446,0.796488835918885,0.331621489888832,1.69672071243483,-0.336347481019116,-0.355322576861286,-0.276581387135568,0.171571411623679,-0.782266930893261,-0.494661861909542,-0.422581142312056,-0.504350895678915,-1.03564162855166,0.91557235086184,0.809033250131051,0.723181844757544,-0.209724176399636,0.737945623612245,0.614630239741196,1.01816891862373,0.903225894672945,-0.498368662992854
"MMRF_2083_2_BM",3.90204045854881,0.941027689656199,1.06340680227616,0.563680336458245,-1.2120619743744,-0.248664605307712,1.34026257778242,0.811023039914708,1.09113505491734,0.506179869905478,-0.726363212821407,-0.53242948079413,-0.456704646561788,0.590713512042984,0.0408822953601904,1.38883238402182,-1.11741614320969,2.0909529758839,-0.879862226620363,1.0888651201215,1.23648493778874,-1.02011527083811,0.0601839241087855,-1.56197043416382,-0.062543544747116,-0.675033965155112,-1.10165130066117,-1.95969970910172,-0.137286067028924,-0.603978619874123,-0.500448774299997,1.95142976915014,-1.04296872764978,0.27676291927987,0.508634974132551,1.73448758699777,-1.89493183227384,0.715361373098171,0.0345271078642471
"MMRF_2085_3_BM",-0.239140478269593,-0.0408828082973026,1.53834729110678,-1.15161989588156,-0.898364519463929,0.289338701666456,0.592994044855662,0.895758202570055,0.98862596798311,0.0953872150785367,1.03579390406547,-0.101706259551853,0.72931464493725,1.16051172885524,-1.54442730086375,-0.731616087026985,1.92787260004247,0.776771042634692,0.0315923562453873,-2.1340493925224,0.472402902620383,-0.177659874149793,0.123721971124112,-1.14253432064527,-0.797098137827636,-0.209082326151375,-0.0987594910415796,-0.489114763716196,-0.0480355754999137,1.24978964978523,-0.677044610858532,0.137288969519733,-0.000552722920556247,-0.868213308658239,0.362038856850148,0.57059445599177,0.99001883429643,0.456382289051294,-3.05151938498364
"MMRF_2087_2_BM",-0.124500608972345,0.86018091154355,-0.595319823604262,-1.45109576888965,-0.36166605719624,-0.118960110843873,0.499542695501808,-0.17022073501168,-0.812953712493337,0.895779505970945,-1.09529081330667,-2.2705398161662,0.693961576083042,0.867875541169633,0.503131839488322,-1.22928127184404,0.572856117150812,0.390884301417675,-0.445239974047395,-0.569019984351383,0.791104411885658,-0.145741011030848,-0.745951752127186,-1.12935075027624,-1.47344789369075,0.235391079431241,-0.00928145724455269,-0.716482086539326,-1.13279476717935,0.500079443888343,-0.714211360373736,-0.488025402674497,-0.652791722668395,-0.824300085575746,-0.0606344097418046,2.10281631352743,-0.226870298921324,0.183691541712326,0.666276719877372
"MMRF_2089_2_BM",-1.84148312769551,-0.759866960419231,-0.11146963332633,2.72753763662663,-1.90806550408067,-1.53780452629043,-0.53107138706598,-0.333110170824486,-2.0337538642935,-0.576239819584043,-0.316136931837307,-0.677636814192389,-0.240381549356134,0.464651346555394,0.194342856795316,1.80507542044621,0.0746241489513698,-0.138878877454529,-0.380008739388386,1.4323254330038,0.232542982854601,0.244229676474354,-0.562941327639084,2.4455714662183,1.41738256013731,-1.94409698548238,-1.36694707307682,-0.358921843363425,1.6631785365128,-0.0430937175111582,-0.819476298991363,0.173039204382098,-1.73831324537781,-0.780781420577654,-2.03651773064729,0.882124258924768,-0.969179688769246,1.96830455612312,0.554795472963764
"MMRF_2089_3_BM",-1.88250462848238,-1.04317246672578,0.255406014978775,2.85895987509613,-1.88536946725012,-0.813566275393346,-0.69342356296088,-0.0441128452603013,-1.09296730273651,0.0452747486722116,-0.136084234209729,-1.50402446759847,-0.965695534236621,1.13154591956704,-0.36503775783967,1.90079995428202,-0.264427596590949,0.985520256606729,-0.368160864528048,0.982070376161348,-0.627375482358577,0.280380856159007,-0.651802648294956,1.52547892363241,1.17324216042452,-2.13234194749135,-1.99171427996145,0.440746229530829,1.58275610397572,-0.220773241268038,-0.486588713282086,1.43042381526511,-1.39368448470417,-1.51420336950516,0.0250716300433037,0.453217877987263,-1.6993898705441,1.41584191770784,0.292257511733891
"MMRF_2122_3_BM",-0.523441135410719,-1.49060075312299,-0.383769541996695,-1.52748072263611,0.914157385519565,-0.139988373215379,1.28317506274645,0.717890362086244,0.0518259090935354,1.26711037187652,0.625713096474206,0.812640202880063,-1.03150407563448,0.421230573844215,0.302527624411054,1.43821506474982,1.06489458678947,0.128049924024754,1.11944898575118,1.08808599711348,-2.13653762917821,0.380882485702355,0.259617665448133,-0.0580379020478026,-1.09143386593549,-0.885042950009146,-0.422473834789716,-1.05197630079243,-1.11194218702211,1.12709874960797,-0.806668139195046,1.28108371591288,-0.476014291077819,-0.450384209994474,-1.55953536024328,-1.47151280939014,0.024795468496591,-0.0033676151162481,-0.88358542044874
"MMRF_2126_2_BM",-1.51356630614076,-0.32384847429808,-0.653002379867673,0.512392421559725,-1.57828551356015,-0.847031284160525,1.15786063503177,-1.38757507918102,-1.1933100586634,1.57605131239567,1.82626351142325,-2.06217790878084,-1.18760054035144,0.639017896362833,-1.28539313954746,0.986246122935697,1.0780946683746,-1.31346310849891,-0.0415244949356617,1.48083723154598,-2.2415410867848,-1.2179008049371,0.231678633292813,-0.462688316579861,-0.637501502442205,-1.57297137055376,-0.280079182756389,-0.116190613714345,0.35295200217836,-1.17057523895635,-0.599092912439138,1.25782047789523,-2.29182956084598,-0.923549515010546,-0.312888274819094,0.841740097373201,0.109948478980937,0.296636996007493,-0.772889657880721
"MMRF_2194_2_BM",-0.103586469151729,-2.1094884680679,-0.263928767371914,0.864585376409785,0.298540896070282,-1.7664601668294,0.096052250606454,-0.664621732298295,0.905053206595054,2.01860133999954,1.09674800305755,0.243575964676888,1.05447061040835,0.652162226699117,-0.791493371321829,-2.46744914190824,-0.386537840350668,-0.711423078399749,0.162202850069476,-0.702239843389346,0.81068741241684,-0.600165941778279,1.59348986276784,-0.563353169047046,-2.06691525654817,0.131966962187914,0.483457856093025,0.935031184477578,-0.878526164170957,0.378059668039816,2.29484537127138,-0.717354661514298,0.588246785105118,2.70616221587388,-0.95558626811295,0.747820885080702,-0.260562247505169,0.470026332253639,1.71792872689968
"MMRF_2250_2_BM",-0.109850125492289,-0.949329588438929,-0.177130346562618,0.133158543889102,0.506563068225692,0.264283088064303,-0.406841686526156,1.24650246244708,-1.36230477937663,-0.780612671286002,0.18431046500319,0.299291998608003,0.474075954585123,0.243653842932267,1.82085660952305,-1.21109663577818,-0.416888161513512,-0.0973468457479424,0.123548031543312,1.07675216056776,-0.963533359329364,0.478061155980164,1.39825286957669,-1.43800719906142,-0.219630624959053,-1.23682314960114,0.294291835484235,-0.996362986435442,-0.357466280300831,1.40211906538004,-0.511531314843243,1.83976996381049,0.858407073363169,1.11526969916654,-0.896097712922857,-0.730793716923085,1.57615651562043,0.862810981534222,-0.305704827611999
"MMRF_2289_3_BM",-1.00654847170091,-0.597863971289681,-0.545345875348557,0.226652611732001,0.00385889892432038,0.33295676013759,0.350343018099182,-1.3676700707883,-0.724266622812236,0.0762827133397146,-0.0867895478696963,0.543257348082401,0.49176208304114,0.437227398595151,-1.78579320775127,-0.0493571402569253,-0.0714822087162123,0.27601095301671,0.609437566248165,1.1290808761796,-1.1477156435126,-0.635213362862126,-0.761423728096635,-1.78828240769925,0.451662516405925,0.542671289922294,0.888416404142452,-0.849314978067544,0.221469477023748,-0.515609124173463,-1.46426367838337,-1.8691248562065,-1.18618537127403,0.858079416490194,0.47509818385859,-0.26703822122935,-0.320009964516209,0.561371299297635,-1.48746787593572
"MMRF_2301_2_BM",-0.874470231732753,0.92583235538953,-1.1123037213782,-0.520034445009253,-0.926515151399911,-0.736263222558622,0.37627441593845,-0.428500360248848,-1.2585891132181,-0.0367184099461765,-0.320112229670199,0.771153582740132,-0.585500692911787,-0.872315491733664,-1.44938645908881,-1.18423589048586,-1.61929521751722,1.99220512377245,-1.46993015933902,0.361393434550338,0.61780448305337,-0.108795801481819,-1.0172860418711,0.572363594376884,0.569346118280804,1.31838890058921,0.247749364936846,-0.556409360998033,-0.415680349465076,1.57140090281264,1.18795467502989,0.195354809336654,-0.96075558943872,0.556631487653788,0.625988307358874,0.757443054124018,-0.748724673699177,0.608603425573397,-0.560654999675131
"MMRF_2328_2_BM",-0.604463697128931,-0.919661413404243,0.276849004771015,1.20991546910596,0.613384782100737,0.310507180076449,1.5946900480959,-0.171639886596536,-1.03799486951936,-0.0263839353674265,-0.671269892900851,0.0809817306759023,-0.710400898063044,2.00468706181722,0.0227568514336054,-0.529786220469023,0.756060317210439,-1.61478857143228,-0.439581854235251,-0.228447103901591,-0.788261209053019,-0.377303042199656,-0.104134381705638,-1.10817103889078,1.17444968078084,-0.90102779091185,-0.404982601372687,1.33939162547971,-0.349537295609877,0.617488651567843,-0.380283227366514,0.749941394938704,0.9786094457263,-0.168756823401349,1.48096255448513,-2.44134548189334,0.202623317181199,0.393836736047123,1.75591409300807
"MMRF_2328_3_BM",-1.2969029112467,-1.20247928626438,0.336607222766706,1.19325665207818,-0.0817542507961836,-0.306430915104439,1.75030949961204,0.122399330332013,-1.45044112534109,-0.0929731783591791,-0.389685534191106,-0.717305602981664,-0.737947593311342,1.77526509972115,0.0880180311659009,-0.176308165844845,0.111279853207735,-0.563244254823876,-0.309086960825767,-0.53749159952463,-0.884993079595227,-0.402277841239193,-0.313052497701504,-0.649133712808216,0.777098853683294,-0.20334483961633,-1.09718230588131,0.713307738498982,0.171651942641405,0.19826561947619,-0.287746808246978,0.276032042696181,0.464353162815564,0.436240378605819,0.647630977539857,-1.74785289560924,1.22685364089402,-0.311197165447162,1.65020158319224
"MMRF_2344_2_BM",-0.970884459503967,-1.20805581005422,0.63415237403632,-1.54879546355188,0.0756367919133024,0.749184236953148,-0.519026308658225,-1.44844426711573,1.19470090836205,0.334438837374378,1.11639467357349,0.152764373338778,0.313226653342445,0.0363301031088902,-0.789349914755632,0.401271899273248,0.149699333116782,0.950054376380193,1.34251360073793,-0.474962444921936,-1.01029776954221,0.75067249129762,1.50668446777505,-1.04899147225459,0.042703454466886,-0.105869759590722,-0.26699392839353,0.335412909772117,0.232935775410091,0.850281993404702,1.93442521225215,-0.281809375554227,0.217009267323272,-1.52331446865295,-1.6047088162451,-1.15922186352424,2.18463823789077,-1.01083003108578,0.259579753377234
"MMRF_2367_2_BM",-1.65717465713886,0.159538328669064,-0.919088490418592,1.39155343744341,0.991866162592935,-0.642037945226236,-0.464559842832026,0.987666881499222,0.235364318834124,1.61051188701144,-0.958221351345705,0.163476275205315,-0.502439750372199,0.36199781921677,0.524747338589713,-0.248790147492785,1.11855775116704,1.18980729517509,-0.906710344524927,-1.11364456609355,1.13345783195139,-0.491229745472615,0.487364469401358,-1.24011615215535,-0.172090997853339,-1.55026780429406,0.265999968299404,-0.910052760905458,2.07224999170582,0.642620950552729,0.450623729716615,0.324632764352995,0.475771506306566,-0.820710463611121,-1.30150509701205,-1.8361358035975,1.39471789087194,1.57531943905299,-0.85608234070785
"MMRF_2373_2_BM",-1.82987875984965,-1.32690094605636,0.389278777713754,0.33431642829054,-2.88442018737928,-2.34672046388605,0.619737420699886,-0.0466663644555276,0.182022077636122,0.572792673438175,0.712014632386961,0.675214363213213,-0.6894869884598,0.716170037132949,1.19324788721398,-0.134694454135424,0.749123475348165,0.254474618544674,-0.300141824584421,0.285190804403802,-1.07705033177422,-1.61169851910809,-0.911353651042996,2.50253718490075,0.413046370886118,0.279150915181238,-0.461949068151942,1.0257421407396,0.854913981752502,-0.237283647873611,-0.42600503757351,2.2404107421373,-1.22268576612168,-1.95075992696109,-0.344556295733687,-0.146673290002745,-0.541204074900347,0.0764551785813603,1.41111753650242
"MMRF_2401_2_BM",0.929479271923984,-1.06712671397509,1.12347328083109,1.23869302080444,0.196581495569588,-0.813788090621978,0.529498930636609,0.0537775276872859,-2.30937153802368,-0.429859264916978,1.25770994792047,0.0041564562819535,1.64206799200639,0.129498898614533,0.696418495582227,0.798297226499444,0.468008728247609,-0.226459647408953,0.602617517673497,0.639053749137166,0.754602318957956,-0.870656746744902,-0.674808674404032,-0.960236687465127,1.02837384221067,-0.168967317832665,2.24603434258588,-0.738998297358396,0.10539800536123,0.0304889675337091,1.68162802454047,1.69741577428972,-0.250409652700759,0.74085049682364,-1.43911317606765,-0.297089732884319,0.122035402446342,-1.1490908605691,-1.73162280884034
"MMRF_2412_2_BM",-1.52579220514937,-0.0604726368768714,0.0309523097731026,-0.898427347843284,-0.26266924487007,1.37677507379938,0.536375467208112,-2.30703014886844,1.1020998766661,1.30897853846851,0.0114725987501944,0.146291243983694,0.74733796981062,-0.832891847416431,-0.0504931699263422,1.64896728097292,1.92674960954728,1.36782874918226,-0.224202887625809,-0.798149216798525,-2.11921722080808,-0.294277017853982,1.80786422499319,-0.566541621516779,0.61488517193661,-0.0442301033189771,0.184169402086052,2.04766852040346,0.860025104294046,-0.348659034622139,2.64859259296989,1.84074611759236,1.15881570961316,-0.389671753075722,-0.877821067704089,-0.358011259242621,-1.35716124511788,-0.675920018883503,0.751499336453529
"MMRF_2419_2_BM",-1.33938094429137,0.419157613622334,-0.815162115637362,-0.231953827122628,-0.13295890654779,-0.0600442405625787,-1.57744387290678,0.536130588756514,-1.03711272005857,-0.550870533460848,-0.822875509825099,-0.00585497963326007,-0.622328099979406,0.170875726961552,-0.416931390915506,0.0517470341060599,1.21589489337521,-0.672454637162327,0.211708054303018,-1.05032642656656,0.427093066739465,1.0333614042942,-1.51173349991651,-0.504794317737546,-0.233033703356287,1.6146042695853,0.248496702740508,0.399650352856561,1.10272700722207,1.6304569044774,0.318502290255576,1.69794355521638,0.0555721663200849,0.53393229557256,0.0707282681719594,-0.880957402256212,-0.66966380661132,-0.0269796699834216,-0.0207881217069906
"MMRF_2490_2_BM",-1.98219829598029,-0.91056620489508,-1.03295686014522,1.933600806343,-0.75761649393387,-0.745616329026051,-1.64622690183704,-1.86018323186191,-2.37623503565376,-1.31527083364136,-0.0887391255188617,0.155409679089084,0.016301333967616,-1.64151918520876,0.241245717447265,-0.751471660549429,-0.107030742770304,-0.29610596884525,1.78677066399611,-1.1038619841575,-0.807116120347338,-0.734946179106707,0.48125571486495,0.3617719516454,-0.088337985423223,-0.902075033076668,0.863471298718662,-0.248080335730581,1.58660260745368,-1.68463633165296,0.984739562162532,0.551099348656078,0.437166210622439,-0.198900528401096,-0.910815503947393,-0.267301485181594,-1.12721786799302,0.789612360709184,0.0458592809131567
"MMRF_2523_2_BM",-1.9279880875787,-1.44075937633861,1.28118209598073,1.86238855355287,-0.25493607839356,-1.04629455112435,-1.02406284792012,-0.772622925538037,-1.55423021766564,0.821144892911769,0.239814430829375,-1.05001765103656,1.14328466804343,1.21558481669801,0.779717302772924,1.87904104190229,-0.34798746776983,1.06633533810142,-1.69608237917454,1.35947170965374,-1.01742440135861,-0.558649445795715,-0.95472298030055,1.11571842926807,0.0873816377429009,-2.08326292538326,0.360174328527294,0.486475948560118,1.16650734658711,1.4818566954672,-0.0221707974865226,1.61016346994615,-1.18965490748837,-1.30144389240161,0.938833115131052,0.137777751954302,0.888517748563371,0.403747547164138,-0.836838636783007
"MMRF_2562_2_BM",-1.16745991020272,0.36792960892328,0.577933961039028,-1.60680126165213,-0.592958375214832,-0.592298764301314,-0.290268193613714,-1.05021487385131,-1.59493933670806,-0.303483630493418,0.515967639661798,-0.851315743439246,0.565967862128237,-0.363849887909517,0.494701102323962,2.3272908533161,0.339613415498808,-0.798773093392128,0.160291334919635,-0.0529147252932939,-0.565000907709614,0.56096434734712,0.0678125435688195,-1.51516013294218,0.0628667352991469,0.056763856525476,0.69083536221575,-1.16430073586539,1.41106810987379,-1.0322216742913,0.494333217793937,0.91249316931905,-1.22535615442886,-0.437069799738533,0.036804846562164,-0.356143713320923,1.55291708753421,0.898810648103874,-1.10539789210894
"MMRF_2572_2_BM",-0.685655509985844,-0.524270798349282,-0.0931713981450628,0.899035194212862,-0.42671026325241,-1.72367382652632,0.574992140721288,-0.147399567908001,-1.0156880435162,0.1408514699497,-0.221060634477,-0.844801258082043,-0.169966721549486,1.67276893388621,-0.499641705347738,-1.04148775593884,-0.749427019190366,0.841446282898792,1.69724941514899,-0.669508658156646,-0.405602368613244,-1.56342215327351,-1.62524959174875,-0.154742098377444,-1.2456654613002,-0.86301239227234,-1.21707228186125,-0.513969184835987,1.96136071774379,0.557268472913222,-0.75445703551324,0.291912431796349,-0.64792875802735,0.801525704741855,-1.43293821182671,-0.194796479145914,-0.956418033545441,-0.585269476069176,1.1296278317393
"MMRF_2601_2_BM",-0.54658861315377,0.440067181752121,0.0771127551929734,-1.28801392988501,0.455406448042522,1.07536417168567,0.685526284788459,0.586492577677505,0.638025397296826,0.874758467977914,-2.24883380714568,0.878016738568586,0.985772743046405,0.44543980864879,-0.0427103482442235,-1.35674793528912,-0.468152590098991,0.291384332526671,1.1865083576535,0.791282428105488,0.353682745850692,-1.08651527658362,-0.108316582106674,1.3093774293378,-0.547045734719832,1.58333704542057,0.852831935252721,0.92983049641216,-0.775025619555045,0.169911131792845,-0.317740903496793,0.751396795280501,-2.13590387732761,-0.630027364300028,0.0705916101742031,0.962523703183103,0.460467314112538,0.1283824631824,0.705327395359414
"MMRF_2606_2_BM",-0.986316867392714,1.13523832796059,-0.683818137393184,0.376075687396488,-0.0272052511721354,-0.368898687915055,0.889469177052771,0.562459706921248,-0.305944421069455,-0.211270100709767,-0.311238350057033,0.58933806873455,-0.408573223145155,-0.126700861927585,-0.929552887098255,-0.620298330525103,0.675796023521646,0.0666882275712385,0.952767335159431,0.559540186926655,0.851232863748669,-0.929373070722638,0.831670105434345,0.390057450931486,-0.78339695165964,-0.52379058413279,0.616871119436703,-1.04787647407779,0.431859682801799,-0.482571748345578,-0.345085479879041,-0.443428188178252,-0.43004833428044,-0.0439622478755349,-0.586287640755853,0.190684550846341,0.912645370556184,-1.67837097300685,-0.924958076419531
"MMRF_2613_2_BM",-2.27292764029471,-0.787509532309916,-1.20514255527413,-0.13544433203744,-0.209184387401324,-1.28542368564758,-1.47337673595952,-1.20293697361082,-1.07949694023514,-1.09432038129989,0.204914064483213,0.01765242968296,0.512906585963227,0.776253338107055,1.36038376444468,-1.78476854525417,-0.088545133835701,0.524058008057276,0.459176814090303,-0.355009257741842,-0.367475513455651,-1.09801457699306,-0.675936412037421,-0.973610145319918,-0.478515117662662,0.180453958672917,-1.53607076707434,0.0384095790488685,0.773252832432961,-0.84959724728893,0.19279364231435,0.0712689334505552,-0.864922742180908,-0.308567065939537,-1.32792417515919,-0.116466340777285,1.12389274310167,-1.5079496076978,0.35287908345687
"MMRF_2788_1_BM",2.62035677054069,0.233856596457719,-0.245760089806841,0.845775821285843,-0.274106756534858,0.642159894559532,0.83838355792398,-1.45838115148003,0.416339171011118,0.0828342279825414,-1.02354761316379,0.104219068425245,-1.94736100432884,-0.176102069537151,-0.0990066852243413,1.03735449979488,-0.723665720563032,0.0335622488462854,1.21628640594829,-1.87744958162614,-0.781743739090241,-0.859034468102902,0.352533882059551,-0.507428681443749,1.1956901589778,0.482096174231186,0.628040264537909,-0.701430978677688,0.117190673270551,0.884059851949178,-1.80996628226337,-0.400874440424585,-0.690120710865189,0.618598447731722,-0.825338324580179,0.590703664701837,-0.124122844030707,-0.375770235179284,-0.0373454641022586
